NumGPUs,MatrixSize,TimeSeconds
1,256,0.091325
1,512,0.000111
1,1024,0.000284
1,2048,0.001729
1,4096,0.020643
